Hair Remover,4
Derma Roller,4
Foldable Hair Dryer,3
Hair Dryer,3
Foldable Hair,3
Hair Threading Machine,2
Threading Machine,2
Hair Threading,2
Beauty Face,2
Mini Electronic Hair,2
Hair Crimper,2
Electronic Hair,2
Mini Electronic,2
Facial Hair Remover,2
Facial Hair,2
Mini Hair,2
Mini Straightener,2
Favourite Mini Straightener,1
Girls Favourite Mini,1
Favourite Mini,1
Girls Favourite,1
Anti Snore Device,1
Sleep Aid,1
Snore Device,1
Anti Snore,1
Vibration Full Body,1
Mini Vibration Full,1
Mimo Mini Vibration,1
Full Body,1
Vibration Full,1
Mini Vibration,1
Mimo Mini,1
Silicon Sponge,1
Beauty Blender,1
Micro Anti Bacterial,1
Anti Bacterial,1
Micro Anti,1
Meso Roller,1
Beauty Care,1
Hair Curler,1
Silicone Gel Heel,1
Collections Silicone Gel,1
AT Collections Silicone,1
Gel Heel,1
Silicone Gel,1
Collections Silicone,1
AT Collections,1
pieces Razor set,1
Razor set,1
pieces Razor,1
Iron Ceramic Hair,1
Iron Hair Crimper,1
Iron Ceramic,1
Ceramic Hair,1
Iron Hair,1
Derma Roller System,1
Micro Needles,1
Roller System,1
Clip Bridge Lifting,1
Up Clip Bridge,1
Nose Up Clip,1
Bridge Lifting,1
Nose Up,1
Clip Bridge,1
Up Clip,1
Titanium Needle For,1
Needle For,1
Titanium Needle,1
Professional Foldable Hair,1
Professional Foldable,1
Blocked Nose,1
Facial Usage,1
Facial Steamer,1
Bridal Cone Mehndi,1
Cone Mehndi,1
Bridal Cone,1
Nose Shapping tool,1
Select Nose Shapping,1
Daraz Select Nose,1
Shapping tool,1
Nose Shapping,1
Select Nose,1
Daraz Select,1
Face Massager Machine,1
Massager Machine,1
Face Massager,1
Jade Stone Face,1
Stone Face,1
Stone Jade,1
Jade Stone,1
Mm Hair,1
Razor Disposable Body,1
Women Razor Disposable,1
Max Women Razor,1
Disposable Body,1
Razor Disposable,1
Women Razor,1
Max Women,1
Soft Blindfold Eye,1
Panda Soft Blindfold,1
Blindfold Eye,1
Soft Blindfold,1
Panda Soft,1
quality Easy,1
mini straightner,1
Apple Electric Massager,1
Electric Massager,1
Apple Electric,1
Beauty Face Masager,1
Face Masager,1
Fast Hair Straightener,1
Electronic Fast Hair,1
Electronic Hair Straightener,1
Electronic Fast,1
Fast Hair,1
Hair Straightener,1
Face Care,1
Foot Care,1
Skin Care,1
Hair Crimper Curling,1
Electronic Hair Crimper,1
Crimper Curling,1
Nose Shapers Kit,1
Silicone Nose Shapers,1
Shapers Kit,1
Nose Shapers,1
Silicone Nose,1
Rechargeable Flawless Hair,1
Painless Hair Remover,1
Flawless Hair Remover,1
Rechargeable Flawless,1
Painless Hair,1
Flawless Hair,1
Facial Electric Cleanser,1
Electric Cleanser,1
Facial Electric,1
Hair Roller,1
Women Hair Remover,1
Razor Hair Remover,1
Hair Remover Eyebrow,1
Eyebrow Razor,1
Remover Eyebrow,1
Women Hair,1
Razor Hair,1
Hair Straightner And,1
Straightner And Straightener,1
Mini Hair Straightner,1
Straightner And,1
Hair Straightner,1
And Straightener,1
Skin Therapy Micro,1
Therapy Micro,1
Skin Therapy,1
