eyebrow razor,,,,,,,,,,,,,,,
https://www.daraz.pk/products/tinkle-eyebrow-razor-k-teees-3-pack-eyebrow-face-hair-removal-shaper-3-pieces-i184352666-s1368578543.html?spm=a2a0e.searchlist.list.2.4c2b2e3bCQj6bl&search=1,1064,1035,933,910,901,870,841,815,624,508,481,441,424,417,399,392,384,373,367,355,146,138,126,120,108,105,95,82,71,61,56,53,49,45,39,37,30,25,16,6,79,66,44,31,9,63,54,53,12,5,417
https://www.daraz.pk/products/pack-of-3-tinkle-eyebrow-razor-for-facial-hair-remover-and-eyebrow-trimmersharp-mini-makeup-shaper-i139586334-s1299594004.html?spm=a2a0e.searchlist.list.4.4c2b2e3bCQj6bl&search=1,9509,9488,9476,9453,9444,9415,9401,9388,9359,9337,9303,498,9271,485,499,9215,0,9194,9191,9183,500,493,500,9145,9143,9136,9122,495,9108,9100,9092,9085,500,9066,9064,9060,9057,9054,9054,9054,9049,9049,9048,9041,9032,9028,9022,9019,9018,-1,-1
https://www.daraz.pk/products/tinkle-eyebrow-razor-3-pack-eyebrow-face-hair-removal-shaper-3-pieces-i133863495-s1294250511.html?spm=a2a0e.searchlist.list.6.4c2b2e3bCQj6bl&search=1,3542,3539,3531,3526,3516,3211,3206,3196,3186,3180,3170,500,3147,497,3138,500,490,3109,3102,3091,3082,3078,2773,359,354,352,350,347,345,340,339,339,296,319,297,280,261,258,246,239,229,221,214,205,198,185,151,126,108,83,68
https://www.daraz.pk/products/tinkle-eyebrow-razor-in-multi-colour-smooth-eyebrows-razor-i204026134-s1404432806.html?spm=a2a0e.searchlist.list.8.4c2b2e3bCQj6bl&search=1,22,14,8,8,189,264,254,226,213,203,197,195,191,190,186,181,178,176,131,127,120,113,109,103,90,86,78,59,53,50,226,220,215,215,210,208,208,202,120,117,115,112,107,93,87,81,75,73,71,67,57
https://www.daraz.pk/products/3pcs-eyebrow-razor-facial-hair-remover-eyebrow-trimmer-sharp-mini-makeup-knife-shaper-shaver-for-women-womens-razors-makeup-facial-eyebrow-lip-razor-hair-remover-sharp-stainless-steel-cutting-knife-safety-razor-i160814019-s1327618556.html?spm=a2a0e.searchlist.list.10.4c2b2e3bCQj6bl&search=1,721,40,31,28,27,9,2,0,0,2197,2186,2180,2177,2176,2175,2170,2167,2163,2163,2158,2146,2141,2139,2134,2127,2125,2122,2120,2114,2107,2104,2101,2099,2097,2082,2076,2073,2072,2072,2069,2066,2066,2063,2062,2061,2050,2047,2045,2043,2043,2041
https://www.daraz.pk/products/tinkle-eyebrow-razor-3-pack-eyebrow-face-hair-removal-shaper-3-pieces-in-1-packet-i192108314-s1384226460.html?spm=a2a0e.searchlist.list.12.4c2b2e3bCQj6bl&search=1,813,812,810,808,806,806,806,803,800,798,798,798,798,797,795,795,795,791,790,790,788,788,788,787,786,785,783,783,782,781,779,779,779,777,775,773,773,772,772,772,770,770,770,769,769,768,767,767,767,766,765
https://www.daraz.pk/products/original-tinkle-pack-of-3-tinkle-eyebrow-razor-facial-hair-remover-eyebrow-trimmer-sharp-mini-makeup-shapper-i132153552-s1292376925.html?spm=a2a0e.searchlist.list.14.4c2b2e3bCQj6bl&search=1,9038,9036,9035,9035,9035,9029,9024,9022,9020,9019,9017,9013,9008,9002,9000,9000,8995,8992,8988,8986,8983,8982,8978,8977,8974,8970,8970,8970,8968,8955,8955,8955,8953,8947,8942,8936,8932,8932,8931,8930,8928,8923,8922,8922,8921,8918,8918,8918,8916,8916,8912
https://www.daraz.pk/products/original-tinkle-eyebrow-razor-for-women-facial-hair-remover-hair-eyebrow-trimmer-and-shaver-facial-razor-with-safety-cover-pack-of-3pcs-i186230483-s1372454031.html?spm=a2a0e.searchlist.list.16.4c2b2e3bCQj6bl&search=1,1,0,0,0,97,96,96,97,95,88,83,82,80,79,75,74,71,71,68,65,64,64,63,62,62,57,57,55,49,47,46,46,44,43,42,41,40,39,38,36,34,32,28,27,75,66,66,64,64,65,61
https://www.daraz.pk/products/tinkle-eyebrow-razor-face-hair-removal-pink-yellow-blue-3-pack-i201786054-s1400718463.html?spm=a2a0e.searchlist.list.20.4c2b2e3bCQj6bl&search=1,467,465,964,960,960,959,959,957,957,100,100,98,97,97,94,93,93,91,91,90,90,89,89,89,89,89,89,89,89,88,88,88,88,88,88,87,86,86,86,86,86,86,86,83,83,83,83,83,83,83,83
https://www.daraz.pk/products/pack-of-3-tinkle-eyebrow-razor-face-hair-remover-and-shaper-eyebrow-trimmer-mini-makeup-shaper-i199596881-s1397060914.html?spm=a2a0e.searchlist.list.22.4c2b2e3bCQj6bl&search=1,261,260,210,208,206,205,203,201,201,152,152,150,150,149,52,52,52,52,53,51,51,51,51,51,51,51,51,51,51,51,50,50,50,50,50,50,50,50,50,50,50,50,50,49,49,49,49,49,49,49,49
https://www.daraz.pk/products/pack-of-3-tinkle-eyebrow-razor-facial-hair-removal-trimmer-shaper-for-women-with-safety-covers3-pcs-multi-colors-i188110913-s1376982274.html?spm=a2a0e.searchlist.list.24.4c2b2e3bCQj6bl&search=1,415,406,401,392,390,387,381,378,371,368,361,359,355,354,352,345,343,331,320,311,305,296,573,567,564,554,547,542,525,493,482,469,457,448,427,421,414,399,393,382,373,368,362,344,67,51,26,18,12,6,337
https://www.daraz.pk/products/tinkle-eyebrow-razor-original-tinkle-eyebrow-or-similar-quality-eyebrow-razor-face-hair-removal-shaper-pack-of-3-i196402707-s1391524607.html?spm=a2a0e.searchlist.list.26.4c2b2e3bCQj6bl&search=1,246,243,50,263,261,254,245,240,238,234,232,230,225,221,220,218,211,211,208,207,203,202,197,192,192,192,191,184,178,178,175,174,174,173,173,164,163,163,163,162,162,162,159,158,158,158,156,155,155,154,154
https://www.daraz.pk/products/tinkle-eyebrow-razor-original-tinkle-eyebrow-face-hair-removal-shaper-i190322412-s1381144804.html?spm=a2a0e.searchlist.list.28.4c2b2e3bCQj6bl&search=1,772,771,770,769,769,769,767,764,762,761,761,761,761,760,760,758,757,754,754,752,752,752,752,751,749,750,748,748,748,748,748,748,748,748,746,746,746,746,746,746,745,745,745,745,745,745,743,743,743,742,742
https://www.daraz.pk/products/tinkle-eyebrow-razor-3-pack-eyebrow-face-hair-removal-shaper-3-pieces-i206748899-s1411438746.html?spm=a2a0e.searchlist.list.30.4c2b2e3bCQj6bl&search=1,68,300,342,100,99,99,98,97,96,97,96,96,81,80,78,97,88,87,83,78,76,76,74,74,72,71,69,69,67,61,61,60,58,58,57,56,55,-1,54,54,54,54,75,75,73,73,70,65,65,99,98
https://www.daraz.pk/products/ap-tinkle-eyebrow-razor-pack-of-3-eyebrow-razor-neck-hair-razor-and-face-hair-removal-shaper-3-pack-best-razor-for-women-original-tinkle-razor-best-eyebrow-razor-razor-for-girls-top-quality-razors-tinkle-eyebrow-razor-3-pack-razor-for-girls-i193192977-s1386578905.html?spm=a2a0e.searchlist.list.34.4c2b2e3bCQj6bl&search=1,292,292,291,291,291,289,289,289,289,289,288,288,288,288,288,288,288,288,288,288,288,288,288,288,288,288,288,288,288,288,288,288,288,288,288,288,288,288,288,288,288,287,287,287,287,287,287,287,287,287,287
https://www.daraz.pk/products/tinkle-eyebrow-razor-facial-hair-remover-eyebrow-trimmer-sharp-mini-makeup-shaper-03-pieces-in-a-pack-original-tinkle-eyebrow-razor-i191722706-s1383488224.html?spm=a2a0e.searchlist.list.36.4c2b2e3bCQj6bl&search=1,896,896,888,887,892,892,891,891,891,891,891,889,889,889,888,886,886,881,880,880,878,878,876,876,872,873,873,871,870,868,865,864,864,864,863,863,863,862,862,862,862,862,862,861,861,861,861,860,858,858,856
https://www.daraz.pk/products/generics-original-tinkle-eyebrow-razor-for-women-best-eyebrow-hair-remover-facial-razor-and-eyebrow-trimmer-to-shape-eyebrow-and-to-remove-hair-from-face-tinkle-eyebrow-razor-pack-of-3-i201716144-s1400604961.html?spm=a2a0e.searchlist.list.40.4c2b2e3bCQj6bl&search=1,43,42,39,39,39,38,38,38,37,36,36,36,36,33,31,31,31,31,31,30,29,28,27,27,26,24,20,20,20,20,20,19,16,14,14,14,14,13,13,12,12,12,10,11,11,10,10,10,10,7,7
https://www.daraz.pk/products/pack-of-3-original-tinkle-eyebrow-razor-for-facial-eyebrow-trimmer-and-sharp-mini-makeup-shaper-i202054156-s1401148024.html?spm=a2a0e.searchlist.list.42.4c2b2e3bCQj6bl&search=1,66,62,62,62,62,62,57,52,48,44,40,39,38,38,38,38,38,38,38,38,38,38,38,38,38,38,37,37,37,37,38,38,38,38,35,34,34,34,34,34,34,34,33,33,33,33,33,33,33,33,33
https://www.daraz.pk/products/tinkle-eye-brow-razor-pack-of-3pcs-i135130298-s1295453106.html?spm=a2a0e.searchlist.list.44.4c2b2e3bCQj6bl&search=1,9584,9583,9583,9582,9582,9580,9579,9574,9574,9574,9574,9574,9574,9573,9573,9573,9573,9573,9573,9573,9569,9569,9569,9568,9567,9567,9567,9567,9567,9567,9565,9564,9561,9559,9558,9558,9555,9555,9555,9555,9554,9554,9553,9553,9553,9553,9553,9553,9553,9552,9550
https://www.daraz.pk/products/3pcs-portable-tinkle-eyebrow-razor-trimmer-eyebrow-razor-women-makeup-facial-tool-eyebrow-lip-razor-trimmer-blade-shaver-beauty-tool-tinkle-eyebrow-razor-peach-fuzz-remover-orignal-tinkle-razor-pack-of-3-facial-hair-remover-eyebrow-trimmer-stainless-steel-i207994788-s1413070893.html?spm=a2a0e.searchlist.list.46.4c2b2e3bCQj6bl&search=1,16,12,5,0,0,74,0,0,0,50,42,69,53,67,56,49,69,89,75,81,70,75,56,45,80,72,64,89,79,94,85,92,81,125,118,111,103,121,115,134,115,130,122,131,148,145,140,133,115,162,158
https://www.daraz.pk/products/pack-of-12-eyebrow-face-hair-removal-razors-trimmer-shaper-shaver-i145884517-s1308292082.html?spm=a2a0e.searchlist.list.48.4c2b2e3bCQj6bl&search=1,407,406,405,403,403,402,400,399,398,397,397,397,397,395,392,392,392,392,392,390,390,390,390,390,389,389,389,389,389,389,389,389,389,389,389,388,388,388,388,388,388,388,387,387,387,387,387,387,387,387,387
https://www.daraz.pk/products/original-tinkle-eyebrow-razor-pack-of-3-eyebrow-face-hair-removal-shaper-by-qurashi-traders-i189052482-s1378924355.html?spm=a2a0e.searchlist.list.50.4c2b2e3bCQj6bl&search=1,11,11,11,11,11,11,11,11,11,11,11,11,11,11,11,11,11,11,11,11,11,11,10,10,10,10,10,10,10,10,10,10,10,9,9,9,9,9,9,9,9,9,9,9,9,9,9,9,9,9,9
https://www.daraz.pk/products/3pcs-eyebrow-razor-facial-hair-remover-eyebrow-trimmer-sharp-mini-makeup-knife-shaper-shaver-for-women-womens-razors-makeup-facial-eyebrow-lip-razor-hair-remover-sharp-stainless-steel-cutting-knife-safety-razor-i160746817-s1327572322.html?spm=a2a0e.searchlist.list.52.4c2b2e3bCQj6bl&search=1,1775,50,50,50,50,50,50,50,49,49,49,49,48,48,48,48,48,48,47,47,47,47,47,46,46,46,46,46,45,45,43,42,41,41,41,40,40,40,40,40,40,39,38,38,38,38,38,38,38,38,30
https://www.daraz.pk/products/tinkle-eyebrow-razor-3-pack-facial-hair-remover-eyebrow-trimmer-shaper-3-pieces-i200432392-s1398478059.html?spm=a2a0e.searchlist.list.54.4c2b2e3bCQj6bl&search=1,544,595,595,595,594,594,594,593,593,593,593,593,593,592,592,592,592,592,592,592,592,592,592,592,592,591,591,591,591,590,590,590,590,590,590,590,590,590,590,590,590,590,590,590,590,590,590,590,590,590,590
https://www.daraz.pk/products/original-tinkle-eyebrow-razor-pack-of-3-eyebrow-face-hair-removal-shaper-by-the-big-bang-i189472226-s1379534350.html?spm=a2a0e.searchlist.list.56.4c2b2e3bCQj6bl&search=1,16,16,16,16,16,16,16,16,16,16,16,16,16,16,16,16,16,16,16,16,16,16,16,16,16,16,16,16,16,16,16,16,16,16,15,15,15,0,0,0,0,0,0,0,0,0,0,0,0,0,0
https://www.daraz.pk/products/eyebrow-razor-3-pack-eyebrow-face-hair-removal-razors-trimmer-shaper-shaver-i179612329-s1357588075.html?spm=a2a0e.searchlist.list.58.4c2b2e3bCQj6bl&search=1,4934,4932,0,4923,4920,4912,4901,4900,4897,4892,4887,4879,4878,4874,4870,4860,4857,4848,4847,4840,4835,4833,4828,4826,4819,4812,4804,4798,4783,4762,4756,4748,4739,4730,4725,4717,4716,4713,4711,4706,4702,4696,4693,4691,4689,4686,4681,4676,4670,4666,4664
https://www.daraz.pk/products/tinkle-razor-tinkle-eyebrow-razorfacial-hair-remover-eyebrow-trimmersharp-mini-makeup-shaper-pack-of-6-i132440562-s1292658777.html?spm=a2a0e.searchlist.list.60.4c2b2e3bCQj6bl&search=1,89,39,88,128,127,125,125,125,125,124,124,124,124,123,123,123,123,123,123,123,123,123,123,123,123,123,123,122,121,121,121,121,121,121,121,121,121,121,121,121,121,121,121,121,121,121,121,121,121,121,121
https://www.daraz.pk/products/tinkle-eyebrow-razor-facial-hair-removal-shaper-eyebrow-trimmer-sharp-mini-makeup-shaper-for-women-womens-razor-makeup-facial-eyebrow-lip-bikini-hair-remover-sharp-stainless-steel-cutting-safety-razor-pack-of-3-i189612651-s1379884730.html?spm=a2a0e.searchlist.list.62.4c2b2e3bCQj6bl&search=1,47,47,47,47,47,47,47,45,45,42,36,32,30,30,29,29,24,22,22,50,49,47,47,46,46,40,41,40,40,37,37,37,37,36,36,34,32,100,100,100,100,100,97,96,95,92,92,92,92,92,91
https://www.daraz.pk/products/tinkle-eyebrow-razor-trimmer-hair-removal-facial-stainless-steel-shaper-for-girlswomenfemales-i188516329-s1378018303.html?spm=a2a0e.searchlist.list.66.4c2b2e3bCQj6bl&search=1,92,91,90,88,88,85,85,85,85,84,84,83,83,83,83,83,83,83,83,83,83,83,83,83,83,83,83,83,82,81,81,81,81,81,81,81,81,81,81,81,80,80,80,80,80,80,80,80,80,80,80
https://www.daraz.pk/products/tinkle-eyebrow-razor-3-pack-eyebrow-face-hair-removal-shaper-3-pieces-by-s-beauty-i188524253-s1378010380.html?spm=a2a0e.searchlist.list.68.4c2b2e3bCQj6bl&search=1,162,162,161,161,161,161,161,161,161,160,160,160,160,160,157,157,157,156,156,155,155,155,155,155,155,153,153,153,153,153,153,153,153,153,153,153,153,153,153,153,153,153,153,153,153,153,153,153,153,153,153
https://www.daraz.pk/products/tinkle-eyebrow-razor-shaper-for-womengirls-hair-trimmer-shaver-and-tough-up-tool-dermaplane-razor-for-women-face-women-facial-razor-with-safety-cover-pink-blue-yellow-i205026128-s1406816300.html?spm=a2a0e.searchlist.list.70.4c2b2e3bCQj6bl&search=1,5,32,32,30,100,99,99,98,98,98,98,97,97,96,96,97,97,97,97,96,96,96,95,95,95,95,95,95,95,95,95,95,95,94,93,90,89,89,88,88,87,87,87,86,86,84,83,82,82,39,39
https://www.daraz.pk/products/original-tinkle-razor-for-women-facial-razor-eyebrow-razor-i201492920-s1400338012.html?spm=a2a0e.searchlist.list.72.4c2b2e3bCQj6bl&search=1,994,992,992,992,987,983,982,981,980,980,980,978,976,975,1505,1505,1504,1501,1500,1500,50,50,48,46,46,45,45,45,45,43,43,43,41,41,41,40,40,37,37,37,35,35,34,32,30,19,18,17,17,16,14
https://www.daraz.pk/products/tinkle-eyebrow-razor-hair-trimmer-shaver-and-tough-up-tool-facial-razor-with-safety-cover-3-razors-i188360680-s1377514413.html?spm=a2a0e.searchlist.list.74.4c2b2e3bCQj6bl&search=1,9950,9950,9950,9950,9950,9950,9950,9950,9950,9950,9950,9950,9950,9950,9950,9950,9949,9949,9949,9949,9949,9949,9949,9949,9949,9949,9949,9949,9949,9949,9949,9949,9949,9949,9949,9949,9949,9949,9949,9949,9949,9949,9949,9949,9949,9949,9949,9949,9949,9949,9949
https://www.daraz.pk/products/tinkle-eyebrow-razor-original-pack-of-3-face-facial-hair-removal-mini-makeup-shaper-trimmer-i192026317-s1384052831.html?spm=a2a0e.searchlist.list.76.4c2b2e3bCQj6bl&search=1,65,65,65,64,63,64,62,62,59,57,56,56,56,55,50,49,46,43,42,42,42,42,42,42,42,42,0,0,0,0,1,1,1,0,40,39,39,38,38,38,38,38,38,38,38,38,36,36,36,36,36
https://www.daraz.pk/products/100-original-3pcs-eyebrow-razor-facial-hair-remover-eyebrow-trimmer-womens-razors-makeup-facial-eyebrow-i203270797-s1402950337.html?spm=a2a0e.searchlist.list.78.4c2b2e3bCQj6bl&search=1,76,76,76,76,75,75,74,74,72,71,71,71,70,69,68,67,65,64,64,0,0,0,0,0,0,0,0,0,-1,-1,-1,-1,-1,-1,-1,-1,-1,-1,-1,-1,-1,-1,-1,-1,-1,-1,-1,-1,64,64,64
https://www.daraz.pk/products/pack-of-3-tinkle-eyebrow-razor-facial-hair-remover-eyebrow-trimmersharp-mini-makeup-shaper-by-mnh-collection-i201160407-s1399698804.html?spm=a2a0e.searchlist.list.80.4c2b2e3bCQj6bl&search=1,95,93,0,93,93,92,92,0,0,90,90,90,90,0,89,89,0,89,89,89,89,89,88,88,88,88,88,88,88,88,88,88,88,88,88,88,88,88,88,88,88,88,88,88,88,88,88,88,88,88,88
ramen noodles,,,,,,,,,,,,,,,
https://www.daraz.pk/products/samyang-2x-spicy-flavor-ramen-noodles-i176890373-s1351670966.html?spm=a2a0e.searchlist.list.6.6a291022atslHf&search=1,129,78,15,0,0,0,0,396,355,321,308,300,252,199,157,86,27,153,94,43,0,0,0,794,742,671,605,544,513,473,440,407,362,251,118,0,0,1763,1693,1614,1477,1376,1294,1190,1015,281,178,97,39,0,3
https://www.daraz.pk/products/samyang-hot-chicken-flavour-ramen-noodles-i139580902-s1299584244.html?spm=a2a0e.searchlist.list.8.6a291022atslHf&search=1,371,319,281,227,180,132,82,1025,967,928,879,803,738,684,611,556,892,820,763,711,647,595,508,1426,1364,1268,1189,1118,1045,925,840,757,650,560,463,0,314,1987,1920,1844,1763,1671,1609,1518,1447,1386,1340,1280,1195,1120,1021
https://www.daraz.pk/products/samyang-carbo-flavour-ramen-noodles-i139582644-s1299574722.html?spm=a2a0e.searchlist.list.10.6a291022atslHf&search=1,255,233,228,221,204,198,177,374,365,359,343,337,329,310,300,290,672,657,639,618,600,573,559,816,794,770,739,717,698,644,619,600,238,507,480,238,417,982,969,939,912,879,848,817,775,754,715,681,640,598,560
https://www.daraz.pk/products/samyang-hot-chicken-flavour-ramen-noodles-family-pack-i142962446-s1303704881.html?spm=a2a0e.searchlist.list.12.6a291022atslHf&search=1,119,108,101,93,86,77,69,100,88,60,57,41,32,22,1,13,1,78,73,71,67,61,52,195,186,175,157,152,131,116,103,89,56,39,29,2,0,428,415,404,389,374,364,346,330,316,300,290,278,260,231
https://www.daraz.pk/products/samyang-hot-chicken-noodles-i138430696-s1298514824.html?spm=a2a0e.searchlist.list.14.6a291022atslHf&search=1,42,39,38,27,23,16,54,45,42,42,42,31,30,26,15,14,51,47,46,43,40,39,33,24,36,34,31,28,61,46,44,42,51,48,95,88,67,56,30,30,27,25,24,22,18,16,13,5,3,1,50
https://www.daraz.pk/products/original-korean-samyang-hot-chicken-flavor-ramen-noodles-140g-free-pair-of-chopsticks-i167656490-s1336492531.html?spm=a2a0e.searchlist.list.16.6a291022atslHf&search=1,28,27,27,27,21,20,18,816,811,809,808,804,802,801,800,792,792,790,789,787,786,784,780,780,774,769,762,758,754,751,749,747,745,743,740,738,734,729,727,723,720,719,714,709,707,703,698,695,694,692,688
https://www.daraz.pk/products/samyang-hot-chicken-flavor-ramen-noodles-i140644578-s1300690151.html?spm=a2a0e.searchlist.list.18.6a291022atslHf&search=1,136,135,130,148,145,135,131,128,127,127,125,121,120,119,117,117,116,115,114,113,106,100,100,99,99,96,94,94,93,93,89,80,145,136,134,134,118,116,115,114,104,91,82,81,72,64,56,53,45,32,28
https://www.daraz.pk/products/samyang-noodles-2x-spicy-i175270117-s1348076524.html?spm=a2a0e.searchlist.list.20.6a291022atslHf&search=1,43,38,34,22,46,29,24,37,35,30,26,19,17,40,36,32,31,28,26,23,22,0,32,22,21,19,19,19,53,50,49,45,43,43,40,35,22,37,35,33,30,29,36,34,28,28,21,19,18,11,50
https://www.daraz.pk/products/samyang-carbo-noodles-ramen-130g-i143442158-s1304470053.html?spm=a2a0e.searchlist.list.22.6a291022atslHf&search=1,236,235,235,100,96,93,93,92,92,90,90,87,87,87,87,87,87,86,86,84,84,84,84,84,83,83,83,83,83,82,82,82,59,56,56,54,54,53,51,51,49,48,48,48,47,46,46,36,35,33,33
https://www.daraz.pk/products/samyang-2x-spicy-hot-chicken-flavor-ramen-korean-spicy-noodle-140g-i164044328-s1331448821.html?spm=a2a0e.searchlist.list.24.6a291022atslHf&search=1,56,55,54,54,54,54,54,53,51,48,42,41,41,100,98,98,97,95,93,91,91,91,90,89,86,86,82,81,79,76,75,72,71,69,68,67,64,63,61,59,59,59,56,56,56,56,56,55,54,54,54
toothpaste dispenser,,,,,,,,,,,,,,,
https://www.daraz.pk/products/best-quality-set-of-toothpaste-dispenser-brush-holder-white-i126680502-s1285132841.html?spm=a2a0e.searchlist.list.2.4a2044520aSNWL&search=1,252,211,183,156,152,134,123,211,197,181,171,138,107,64,210,179,158,180,172,244,225,205,187,182,270,249,225,194,213,193,171,150,142,52,213,213,242,203,154,208,185,166,134,114,85,205,165,146,121,104,75
https://www.daraz.pk/products/automatic-toothpaste-dispenser-and-toothbrush-holder-set-i17418320-s199123928.html?spm=a2a0e.searchlist.list.4.4a2044520aSNWL&search=1,2,2,9,441,441,439,431,429,145,141,135,131,128,126,123,123,123,122,120,115,111,110,106,105,104,100,93,91,86,74,63,48,39,26,18,10,424,1,48,44,41,34,33,25,20,17,18,15,14,10,10
https://www.daraz.pk/products/tooth-brush-holder-automatic-toothpaste-dispenser-wall-mount-stand-tools-i147464940-s1310686800.html?spm=a2a0e.searchlist.list.6.4a2044520aSNWL&search=1,132,131,1928,1925,1921,75,1976,1973,1970,1966,1961,1955,1949,1946,1943,1940,1938,1933,1929,1926,1923,1922,1921,1918,1918,1914,1913,1911,115,109,104,97,90,84,82,80,76,72,68,64,61,59,56,47,43,37,34,33,29,20,15
https://www.daraz.pk/products/plastic-automatic-toothpaste-dispenser-with-tooth-brush-holder-for-homes-and-bathrooms-i178340737-s1355252148.html?spm=a2a0e.searchlist.list.8.4a2044520aSNWL&search=1,89,85,82,27,25,23,20,17,15,12,9,5,50,47,79,25,23,22,19,50,58,54,54,201,197,193,190,185,274,222,220,219,211,209,205,197,143,142,138,133,131,127,175,114,108,102,96,95,50,110,107
https://www.daraz.pk/products/tooth-paste-dispenser-with-toothbrush-holder-multicolor-i103818059-s1394896976.html?spm=a2a0e.searchlist.list.10.4a2044520aSNWL&search=1,0,20,15,15,12,9,9,3,0,20,20,19,17,9,8,5,5,33,32,32,32,32,31,31,28,25,23,19,16,12,9,4,19,16,6,1,15,9,5,7,6,4,107,55,55,3,2,2,10,10,5
https://www.daraz.pk/products/automatic-toothpaste-dispenser-with-toothbrush-holder-high-quality-i178648410-s1355782691.html?spm=a2a0e.searchlist.list.12.4a2044520aSNWL&search=1,133,127,121,120,117,113,112,107,100,99,98,98,96,91,89,89,88,88,87,86,85,84,83,81,82,81,79,79,76,74,72,72,71,71,68,68,65,65,61,60,58,56,54,54,54,53,53,53,52,49,46
https://www.daraz.pk/products/wall-mounted-toothpaste-dispenser-with-5-brush-holder-automatic-hands-free-toothpaste-dispenser-i185326866-s1370350733.html?spm=a2a0e.searchlist.list.14.4a2044520aSNWL&search=1,255,253,249,247,245,244,243,243,241,243,242,242,241,237,235,233,232,232,231,230,229,228,225,225,225,223,223,223,223,222,222,221,220,220,221,221,218,217,217,213,211,209,208,208,208,207,207,207,207,207,204
https://www.daraz.pk/products/wall-mounted-toothpaste-dispenser-zgt-with-5-brush-holder-automatic-hands-free-toothpaste-dispenser-i123942418-s1281188684.html?spm=a2a0e.searchlist.list.16.4a2044520aSNWL&search=1,213,209,208,204,203,202,201,201,199,199,198,197,194,194,190,190,189,187,187,185,183,181,181,180,180,180,180,180,179,178,177,177,177,176,176,176,176,176,176,176,176,176,175,175,174,175,175,175,174,172,172
https://www.daraz.pk/products/set-of-toothpaste-dispenser-toothbrush-holder-white-automatic-toothpaste-dispenser-and-toothbrush-holder-set-wall-mounted-toothpaste-dispenser-with-5-toothbrush-holder-set-toothpaste-squeezing-machine-toothpaste-dispenser-tooth-brush-holder-set-i201710907-s1400658263.html?spm=a2a0e.searchlist.list.18.4a2044520aSNWL&search=1,446,442,435,431,427,422,417,412,405,399,393,389,387,381,377,374,374,368,366,366,364,354,345,341,338,336,328,325,318,309,305,295,287,284,279,270,263,259,250,242,734,731,717,714,711,702,695,686,683,673,667
https://www.daraz.pk/products/plastic-automatic-toothpaste-dispenser-with-tooth-brush-holder-for-homes-and-bathrooms-i17549192-s297418437.html?spm=a2a0e.searchlist.list.20.4a2044520aSNWL&search=1,207,197,184,175,171,164,152,147,134,128,124,121,111,107,101,94,50,54,46,41,43,39,32,29,25,19,17,16,11,5,309,301,294,292,1,284,276,267,267,257,238,230,228,227,225,117,117,109,105,97,90
derma roller,,,,,,,,,,,,,,,
https://www.daraz.pk/products/derma-roller-smoothen-skin-reduce-fine-lines-i102134962-s1247848187.html?spm=a2a0e.searchlist.list.2.79ee4880RgTq5i&search=1,901,859,760,752,733,714,706,513,495,385,379,376,367,363,353,348,341,331,324,320,314,300,299,296,280,271,261,256,251,242,242,227,196,156,127,92,54,23,473,864,838,808,790,499,660,220,198,183,170,163,158
https://www.daraz.pk/products/derma-roller-for-hair-and-skin-therap-05mm-1mm15mm-derma-roller-with-540-micro-needle-beauty-roller-for-anti-aging-skin-repair-acne-scars-removal-and-pores-with-540-titanium-needle-for-men-and-women-i196084758-s1390984754.html?spm=a2a0e.searchlist.list.4.79ee4880RgTq5i&search=1,153,145,137,0,0,0,-1,0,0,127,497,488,0,473,471,466,465,456,450,0,438,430,424,411,400,385,362,344,320,306,292,278,266,247,231,216,207,192,182,144,132,125,111,95,88,76,61,49,36,26,11
https://www.daraz.pk/products/derma-roller-05mm-with-540-micro-needles-i194220704-s1388524408.html?spm=a2a0e.searchlist.list.6.79ee4880RgTq5i&search=1,79,77,76,272,80,177,176,270,271,270,269,266,262,261,260,259,258,268,267,265,263,166,165,262,163,162,262,100,97,93,87,81,79,77,74,72,72,72,72,72,63,57,52,268,268,266,263,258,258,254,269
https://www.daraz.pk/products/derma-roller-smoothen-skin-reduce-fine-lines-i107162963-s1255532769.html?spm=a2a0e.searchlist.list.8.79ee4880RgTq5i&search=1,30,27,23,7,4,1,3665,1,3661,1,3657,3651,3647,3645,3635,3626,1,3621,3618,3613,3604,3603,3597,3595,3593,3587,3581,3580,3572,3562,3556,3548,3545,3538,3536,3532,3521,3518,3515,3511,3509,3504,3502,3500,3497,3496,3493,3490,3489,3488,3488
https://www.daraz.pk/products/derma-roller-100mm-skin-therapy-micro-needle-540-for-acne-scars-wrinkles-stretch-pores-i118368978-s1271596477.html?spm=a2a0e.searchlist.list.10.79ee4880RgTq5i&search=1,164,162,160,154,152,148,147,147,147,146,145,145,145,144,125,125,115,114,114,113,113,111,111,111,111,113,113,113,113,112,111,111,111,110,110,110,110,110,110,108,108,108,106,106,106,106,53,53,52,51,50
https://www.daraz.pk/products/titanium-alloy-derma-roller-anti-aging-scar-remove-silver-gold-05mm-i147152191-s1310242365.html?spm=a2a0e.searchlist.list.12.79ee4880RgTq5i&search=1,193,191,191,190,189,167,163,90,86,82,80,77,77,75,75,73,72,73,73,71,71,71,69,69,69,67,67,66,66,65,64,64,64,64,64,62,62,61,61,60,60,59,59,58,58,56,56,56,56,56,55
https://www.daraz.pk/products/skin-therap-05-derma-roller-with-540-micro-needle-i103786404-s1250034511.html?spm=a2a0e.searchlist.list.14.79ee4880RgTq5i&search=1,480,475,474,473,470,461,453,449,442,436,433,428,414,410,406,399,397,392,0,385,377,371,366,366,366,360,353,347,340,335,330,325,319,312,304,302,301,293,290,286,283,279,276,272,266,263,258,251,246,242,239
https://www.daraz.pk/products/derma-roller-05-mm-hair-skin-system-i107520902-s1256100656.html?spm=a2a0e.searchlist.list.16.79ee4880RgTq5i&search=1,99,99,99,95,92,80,78,57,50,48,38,37,37,34,36,35,37,37,36,34,33,30,25,24,20,20,19,20,19,9,5,817,807,798,794,790,788,786,785,784,782,780,779,778,1,778,777,775,773,772,771
https://www.daraz.pk/products/05mm-derma-roller-540-titanium-needle-for-men-women-i118736596-s1272082202.html?spm=a2a0e.searchlist.list.18.79ee4880RgTq5i&search=1,156,100,250,150,150,146,245,244,242,141,139,137,137,232,228,225,125,124,123,123,221,221,118,118,118,117,114,213,212,112,109,103,102,98,198,196,93,90,90,183,181,280,280,226,225,224,221,219,219,219,164
https://www.daraz.pk/products/unique-skin-therapy-derma-roller-05mm-540-titanium-needles-for-acne-scars-wrinkles-stretch-and-pores-i201122227-s1399662421.html?spm=a2a0e.searchlist.list.20.79ee4880RgTq5i&search=1,38,38,38,109,106,247,246,246,246,246,246,246,246,246,243,243,243,243,243,243,243,242,242,242,242,242,242,242,241,241,241,240,240,238,238,238,238,237,237,237,236,236,236,236,236,236,236,235,235,235,234
hair threading machine,,,,,,,,,,,,,,,
https://www.daraz.pk/products/slique-hair-threading-machine-facial-hair-removal-tool-i170532134-s1340574251.html?spm=a2a0e.searchlist.list.2.c6b511c19185FV&search=1,63,144,150,286,279,269,261,255,250,245,233,227,223,255,245,237,235,226,274,269,262,253,246,241,234,231,224,222,263,255,248,236,277,267,255,246,236,231,229,225,220,216,200,190,288,278,272,265,261,247,241
https://www.daraz.pk/products/hair-threading-face-hair-threading-tweezer-hair-threading-machine-i184424229-s1368690942.html?spm=a2a0e.searchlist.list.4.c6b511c19185FV&search=1,312,306,302,297,290,276,269,255,243,237,234,230,222,210,199,190,175,164,153,144,139,131,120,116,110,105,99,88,82,65,57,475,471,458,450,437,429,424,413,403,398,395,393,387,385,383,379,367,357,349,344
https://www.daraz.pk/products/hair-threading-machine-i112260402-s1263778101.html?spm=a2a0e.searchlist.list.12.c6b511c19185FV&search=1,761,761,761,760,759,757,752,751,751,749,749,747,747,744,744,744,742,741,740,740,740,740,740,740,739,739,739,738,737,737,737,737,737,737,737,737,737,736,734,734,734,734,734,734,734,734,734,734,734,734,734
https://www.daraz.pk/products/face-threading-machine-for-women-i109476483-s1259792290.html?spm=a2a0e.searchlist.list.14.c6b511c19185FV&search=1,375,374,372,371,369,367,365,360,360,358,357,355,351,349,346,345,342,339,338,336,333,332,332,332,331,331,331,331,329,326,325,325,324,321,319,319,319,317,315,313,313,312,309,305,305,302,300,298,297,294,289
https://www.daraz.pk/products/threading-machine-manual-purple-i1469694-s9223171.html?spm=a2a0e.searchlist.list.28.c6b511c19185FV&search=1,124,123,122,122,122,122,122,122,122,122,122,122,122,122,122,122,120,120,120,120,120,120,120,120,120,118,118,118,116,116,116,113,112,110,110,107,106,106,106,106,105,105,105,104,104,103,102,102,102,102,102
https://www.daraz.pk/products/handheld-slique-hair-threading-machine-slique-eyebrow-body-hair-threading-epilator-system-hair-removal-tweezer-threading-kit-for-women-i178696084-s1355858445.html?spm=a2a0e.searchlist.list.30.c6b511c19185FV&search=1,139,139,138,137,136,100,229,226,223,220,219,216,209,205,202,198,195,193,189,184,182,182,180,179,178,175,175,173,173,172,172,172,172,171,171,170,170,297,296,296,293,293,293,291,290,289,288,286,285,283,279
https://www.daraz.pk/products/slique-hair-threading-machine-i131166416-s1291075406.html?spm=a2a0e.searchlist.list.38.c6b511c19185FV&search=1,244,244,243,243,243,243,243,243,243,243,243,243,242,242,242,242,242,242,241,241,241,241,241,241,241,241,241,240,240,240,240,239,239,238,238,238,238,238,237,237,237,236,237,237,237,237,237,237,236,236,236
https://www.daraz.pk/products/body-hair-removal-face-hair-threading-tweezer-machine-i205884856-s1410300330.html?spm=a2a0e.searchlist.list.40.c6b511c19185FV&search=1,203,201,196,185,184,183,181,180,172,167,164,161,153,148,146,134,131,116,112,108,107,103,101,96,96,91,86,80,72,65,58,57,53,50,49,46,44,41,41,37,33,30,30,28,26,23,22,21,20,18,15
https://www.daraz.pk/products/hair-threading-hair-threading-machine-hair-threading-tool-hair-remval-machine-i204028666-s1404472982.html?spm=a2a0e.searchlist.list.42.c6b511c19185FV&search=1,270,269,269,269,261,258,252,251,248,246,242,239,238,232,229,227,226,226,221,218,210,207,207,207,207,205,202,200,197,192,187,181,175,172,171,169,169,168,168,167,167,166,164,163,163,161,161,160,156,154,0
https://www.daraz.pk/products/hair-threading-machine-i137372768-s1297518650.html?spm=a2a0e.searchlist.list.46.c6b511c19185FV&search=1,4914,4914,4914,4913,4913,4911,4911,4911,4911,4911,4910,4910,4909,4909,4909,4909,4909,4908,4908,4908,4908,4908,4908,4908,4908,4908,4908,4908,4908,4908,4907,4907,4905,4905,4905,4901,4901,4900,4900,4900,4900,4900,4900,4900,4900,4900,4900,4900,4900,4898,4897
hair straightener,,,,,,,,,,,,,,,
https://www.daraz.pk/products/kemei-km-329-professional-hair-straightener-i3713711-s13722636.html?spm=a2a0e.searchlist.list.2.3dd33547zzkk9o&search=1,143,136,128,417,412,405,400,391,383,375,369,368,366,359,355,346,341,330,326,317,312,306,298,296,288,281,274,269,259,248,234,221,208,196,184,165,163,161,155,149,134,127,123,114,109,102,94,88,83,76,71
https://www.daraz.pk/products/mini-hair-straightner-and-straightener-i134381545-s1294769515.html?spm=a2a0e.searchlist.list.4.3dd33547zzkk9o&search=1,545,540,536,-1,-1,-1,-1,-1,-1,-1,-1,-1,-1,-1,-1,-1,-1,-1,-1,-1,-1,-1,-1,-1,-1,-1,-1,-1,-1,-1,-1,-1,-1,-1,-1,-1,-1,-1,-1,-1,-1,-1,-1,-1,-1,-1,-1,-1,-1,-1,-1
https://www.daraz.pk/products/professional-hair-straightener-km-329km-470-hair-straightner-hair-straighteners-hair-straightners-hair-straightener-i101002686-s1246443509.html?spm=a2a0e.searchlist.list.6.3dd33547zzkk9o&search=1,11,5,86,77,73,62,58,55,49,38,34,54,50,9,44,41,35,28,27,24,18,16,12,10,4,0,0,0,0,4,0,1,0,0,0,0,1,0,0,0,0,6,1,0,1,0,0,0,0,0,0
https://www.daraz.pk/products/nova-2-in-1-hair-curler-straightener-2009-pink-i175468168-s1348382346.html?spm=a2a0e.searchlist.list.8.3dd33547zzkk9o&search=1,194,192,192,188,186,184,183,183,182,179,177,175,173,172,167,164,161,157,157,153,149,148,148,147,145,141,137,137,136,134,132,124,124,121,116,108,107,99,96,95,-1,-1,-1,-1,-1,-1,-1,-1,-1,-1,-1
https://www.daraz.pk/products/mini-hair-straightner-and-straightener-i123680844-s1280830992.html?spm=a2a0e.searchlist.list.10.3dd33547zzkk9o&search=1,344,335,324,0,0,305,301,290,274,251,237,221,193,376,354,339,320,300,278,249,230,205,176,156,132,118,92,264,225,202,919,867,500,798,759,500,665,500,477,598,577,567,618,497,578,551,633,615,584,492,517
https://www.daraz.pk/products/mini-hair-straightner-and-straightener-i167194623-s1335540108.html?spm=a2a0e.searchlist.list.12.3dd33547zzkk9o&search=1,1738,1731,1729,1727,1720,1709,1704,1698,1690,1688,1683,1683,1677,1675,1672,1667,1663,1656,1654,1653,1644,1637,1624,1620,1614,1608,1599,1593,1588,1582,1576,1570,1565,1547,1542,1524,1518,1511,1502,1498,1493,1489,1485,1479,1477,1472,1469,1466,1458,1454,1449
https://www.daraz.pk/products/mini-hair-straightner-and-straightener-i106758402-s1255018175.html?spm=a2a0e.searchlist.list.14.3dd33547zzkk9o&search=1,18,17,14,12,5,4,1,0,0,294,293,291,290,289,288,283,282,279,277,273,271,268,267,267,266,266,265,265,262,261,260,258,257,256,254,253,252,249,248,247,247,247,247,247,247,246,245,245,243,240,240
https://www.daraz.pk/products/girls-favourite-mini-straightener-i131751846-s1291780468.html?spm=a2a0e.searchlist.list.16.3dd33547zzkk9o&search=1,1114,1112,1110,1059,1058,1057,1105,1105,1105,1103,1052,1051,1051,1100,1099,1097,1095,1095,1093,1093,1090,1089,1088,1088,1085,1085,1085,1084,1080,1079,1023,1018,1013,1008,1055,1052,1048,1041,1040,1038,1038,1033,1031,1029,1029,1027,974,974,1021,1015,1010
https://www.daraz.pk/products/mini-hair-straightner-and-straightener-i177690721-s1353966542.html?spm=a2a0e.searchlist.list.18.3dd33547zzkk9o&search=1,26,25,23,21,20,19,17,17,16,15,14,13,13,13,11,11,9,109,109,108,105,104,0,0,0,0,0,0,0,0,0,0,0,0,0,21,21,21,21,21,21,21,21,21,21,21,21,21,0,21,0
https://www.daraz.pk/products/nova-electronic-hair-straightener-sx-8006-multicolour-i133390848-s1293839072.html?spm=a2a0e.searchlist.list.20.3dd33547zzkk9o&search=1,1805,1803,1802,1799,1798,1796,1793,1792,1792,1792,1791,1789,1786,1786,1784,1783,1781,1777,1777,1774,1773,1769,1766,33,30,28,26,25,23,18,14,-1,-1,-1,-1,-1,-1,13,13,11,11,11,11,10,10,10,8,8,7,6,6
coffee beater,,,,,,,,,,,,,,,
https://www.daraz.pk/products/handheld-electric-coffee-beater-milk-frother-egg-mixer-and-lassi-maker-multicolor-i198438498-s1394388346.html?spm=a2a0e.searchlist.list.4.ebde13ech6aN5I&search=1,43,1,0,0,120,113,0,140,138,133,131,130,127,124,120,119,116,114,110,110,106,104,98,98,97,97,97,97,97,96,95,94,93,93,89,89,89,89,88,88,88,88,88,88,88,88,85,84,82,83,81
https://www.daraz.pk/products/handheld-coffee-beater-lassi-egg-mixer-and-whisker-i200724626-s1408992232.html?spm=a2a0e.searchlist.list.6.ebde13ech6aN5I&search=1,1161,1158,1153,1139,1135,1129,1124,1121,1116,1109,1104,1100,1093,1088,1082,1081,1079,1495,1488,1481,1471,1467,1460,1500,1500,1500,1500,1500,1500,1500,1500,1500,1500,1500,1500,1500,1500,1500,1500,1500,1500,1500,1500,1500,1500,1500,1500,1500,1500,1500,1500
https://www.daraz.pk/products/electric-egg-beater-milk-drink-coffee-whisk-mixer-foamer-mini-handle-stirrer-practical-cooking-tool-kitchen-mini-whisk-i124932743-s1282798581.html?spm=a2a0e.searchlist.list.8.ebde13ech6aN5I&search=1,36,31,28,49,72,67,65,63,62,61,60,60,59,58,53,52,52,50,49,47,46,46,45,45,44,42,41,40,39,39,39,39,39,38,38,36,36,33,33,33,33,33,33,32,32,31,29,29,27,27,27
https://www.daraz.pk/products/high-quality-electric-handle-coffee-milk-egg-beater-cream-foamer-frother-cappuccino-latte-maker-hand-mixer-whisk-blender-kitchen-cooking-tool-i193656832-s1411496551.html?spm=a2a0e.searchlist.list.10.ebde13ech6aN5I&search=1,999999,999997,999994,1,0,0,0,99,98,97,-1,-1,-1,-1,-1,-1,-1,-1,-1,-1,-1,-1,-1,-1,-1,-1,-1,-1,-1,-1,-1,-1,-1,-1,-1,-1,-1,-1,-1,-1,-1,-1,-1,-1,-1,-1,-1,-1,-1,-1,-1
https://www.daraz.pk/products/handheld-electric-mini-coffee-beater-mini-high-speed-electric-egg-beater-whisk-stirrer-milk-coffee-frother-mixer-i194156399-s1388386704.html?spm=a2a0e.searchlist.list.12.ebde13ech6aN5I&search=1,486,486,486,483,482,475,467,460,454,449,445,439,434,421,414,409,407,404,396,382,374,373,370,365,362,360,345,344,343,338,333,323,319,304,300,285,281,280,275,271,258,256,253,250,246,242,231,213,204,198,196
https://www.daraz.pk/products/kling-whiskers-beater-hand-whisker-stirrer-egg-whisker-coffee-whisker-hand-push-beater-kitchen-utensil-push-whisk-for-blending-whisking-beating-stirring-i184054617-s1391498753.html?spm=a2a0e.searchlist.list.14.ebde13ech6aN5I&search=1,233,231,228,222,223,221,217,215,213,212,212,212,208,207,206,205,205,201,202,200,199,198,196,192,192,191,190,189,185,184,182,178,177,175,173,171,170,170,170,170,168,168,168,168,168,168,168,167,167,35,32
https://www.daraz.pk/products/handheld-high-speed-portable-coffee-beater-egg-beater-yogurt-beater-multi-colors-i201540225-s1409726972.html?spm=a2a0e.searchlist.list.16.ebde13ech6aN5I&search=1,4,0,8,8,4,1,19,19,18,18,17,16,20,20,20,18,11,35,35,34,34,34,34,34,32,31,31,31,31,19,14,-1,-1,13,13,10,9,19,18,18,16,15,15,15,15,12,12,12,12,12,12
https://www.daraz.pk/products/mini-coffee-egg-beater-i145826952-s1391594842.html?spm=a2a0e.searchlist.list.18.ebde13ech6aN5I&search=1,48867,48866,48865,48864,48862,48861,48861,48861,48861,48861,48860,48860,48860,48860,48860,48860,48860,48859,48859,48859,48859,48859,48859,48859,48859,48859,48858,48858,48858,48856,48856,48856,48856,48856,48856,48856,48856,48855,48855,48855,48855,48855,48855,48854,48854,48854,48854,48854,48854,48854,48854
https://www.daraz.pk/products/handheld-electric-mini-coffee-beater-multicolour-i2119642-s10170371.html?spm=a2a0e.searchlist.list.20.ebde13ech6aN5I&search=1,1406,1404,1396,1393,1392,1388,1385,1384,1380,1378,1378,1376,1374,1371,1368,1500,1499,1497,1496,1494,1492,1500,1496,1495,1495,1494,1491,1491,1490,1490,1490,1489,1488,1488,1486,1486,1485,1485,1484,1483,1483,1483,1483,1483,1483,1483,1483,1483,1483,1482,1481
https://www.daraz.pk/products/coffee-beater-and-egg-mixture-electric-hand-held-i170940446-s1341244385.html?spm=a2a0e.searchlist.list.22.ebde13ech6aN5I&search=1,272,272,272,272,272,272,272,272,272,272,272,272,272,271,270,270,269,269,269,269,269,269,269,269,269,269,269,269,269,269,269,268,268,268,268,268,268,268,268,268,268,268,268,268,266,266,266,266,266,266,266
facial hair remover machine,,,,,,,,,,,,,,,
https://www.daraz.pk/products/flawless-women-painless-hair-remover-face-facial-hair-remover-i130488323-s1290354091.html?spm=a2a0e.searchlist.list.4.546c340eIz7z2y&search=1,172,141,104,75,48,13,8668,8641,8619,8579,8561,8541,8517,8491,497,8427,1,494,8360,8342,500,494,500,8205,8180,8152,8130,8085,492,11322,11261,11180,11092,11033,10955,500,10789,496,437,10595,10554,10511,10468,496,10353,10300,10251,10216,10175,491,10075
https://www.daraz.pk/products/facial-hair-remover-i108168953-s1257340560.html?spm=a2a0e.searchlist.list.6.546c340eIz7z2y&search=1,469,464,366,337,330,316,302,122,106,8,1223,77,68,58,43,37,28,22,15,9,1,1,51,60,55,51,49,44,38,33,25,20,17,7,3,1209,1198,1199,1194,1186,1183,1173,1166,1158,1155,1152,1148,1145,1143,2,1137
https://www.daraz.pk/products/original-chargeable-facial-hair-remover-flawless-women-painless-hair-remover-i175516116-s1348468255.html?spm=a2a0e.searchlist.list.8.546c340eIz7z2y&search=1,936,931,921,915,910,853,845,835,844,837,784,784,778,774,770,460,458,453,450,50,491,482,173,169,166,165,165,300,465,165,162,162,162,156,299,1451,1448,1448,1446,1146,1143,299,1437,1135,300,1427,1422,1421,1417,297,1716
https://www.daraz.pk/products/usb-rechargeable-flawless-facial-hair-remover-i192230025-s1386636326.html?spm=a2a0e.searchlist.list.10.546c340eIz7z2y&search=1,56,53,46,79,73,66,0,0,0,37,143,135,127,0,108,103,0,88,83,75,63,49,41,30,21,12,3,198,187,178,167,152,142,132,66,55,51,51,43,34,28,80,75,61,54,50,47,38,36,31,30
https://www.daraz.pk/products/flawless-ladies-hair-removing-machine-shaver-epilator-threading-cutter-remover-cream-lotion-body-shave-cosmetics-trimmer-facial-trimming-laser-painless-sofit-browns-razor-flawless-gel-smooth-under-sensitive-girl-leg-armpit-women-skin-soft-i178356113-s1355246368.html?spm=a2a0e.searchlist.list.20.546c340eIz7z2y&search=1,620,613,605,599,300,866,859,854,845,834,827,823,812,804,801,795,789,782,772,766,755,752,745,738,730,725,715,714,700,696,691,689,680,672,665,650,648,639,632,625,618,611,604,597,589,581,569,563,550,541,523
https://www.daraz.pk/products/rechargeable-flawless-facial-hair-remover-for-women-face-and-body-painless-hair-trimmer-i200978333-s1399418219.html?spm=a2a0e.searchlist.list.22.546c340eIz7z2y&search=1,55,47,0,0,0,0,8,7,120,56,0,0,0,0,0,0,10,0,0,5,7,9,3,3,0,0,0,0,0,0,0,0,0,0,0,0,1,0,0,0,0,0,0,0,0,0,0,0,0,0,0
https://www.daraz.pk/products/flawless-facial-hair-removal-for-women-painless-clean-hair-remover-for-face-aa-cell-operated-ladies-electric-shaver-hair-remover-multicolour-i202268753-s1401540260.html?spm=a2a0e.searchlist.list.26.546c340eIz7z2y&search=1,629,625,624,623,615,614,614,614,612,598,597,597,597,597,577,575,600,600,0,0,-1,-1,-1,-1,600,600,600,600,600,600,600,599,599,598,598,598,598,597,596,596,595,595,595,595,595,595,595,595,595,595,595
https://www.daraz.pk/products/high-quality-flawless-hair-removing-machine-with-battery-painless-hair-removal-pocket-size-facial-hair-remover-i168410446-s1355316718.html?spm=a2a0e.searchlist.list.28.546c340eIz7z2y&search=1,214,215,213,211,209,206,206,207,207,187,187,186,186,187,118,119,0,20,20,19,1,1,1,1,1,1,1,1,1,1,2,-1,-1,-1,-1,-1,-1,-1,-1,-1,-1,-1,-1,-1,-1,-1,-1,-1,-1,-1,-1
https://www.daraz.pk/products/flawless-hair-removing-machine-pocket-size-facial-hair-remover-finishing-touch-facial-hair-remover-i196062972-s1390958778.html?spm=a2a0e.searchlist.list.30.546c340eIz7z2y&search=1,34,29,21,58,170,162,161,160,159,159,156,154,154,151,147,144,143,140,140,140,134,133,131,126,122,121,118,112,109,104,103,98,95,87,85,81,79,138,136,133,132,131,126,122,116,109,99,95,89,88,84
https://www.daraz.pk/products/orignal-flawless-laser-facial-hair-remover-for-women-painless-hair-remover-for-gentle-and-smooth-skin-for-all-body-parts-ladies-shaver-machine-with-heavy-duty-cell-i188224735-s1377240978.html?spm=a2a0e.searchlist.list.32.546c340eIz7z2y&search=1,43,39,35,31,30,29,200,195,217,215,211,211,207,206,204,202,201,198,196,196,194,190,187,186,185,183,180,178,175,170,169,168,167,166,165,162,161,161,159,159,158,158,157,157,157,156,156,156,155,153,152
